<krpano>

    <include url="../plugins.xml" />
	<display details="24" />
<preview url="../bw/corpbank-azad-road.jpg" />
	<image type="CYLINDER">
		<cylinder url="corpbank-azad-road.jpg" />
	</image>
	
	 <action name="moveto2">
	  	  	lookto(180,-3,20);
	    action(load2);
		lookto(-20,0,50);
    </action>
	
	    <action name="load2">
    
	    loadpano(../koppa-circle/koppa-circle.xml,null,KEEPALL,BLEND(2));
	   
    </action>

	
	<hotspot name="Koppa Circle"
         url="../hotspot_ani.swf"
         alturl="..."
         keep="false"
         devices="all"
         visible="true"
         enabled="true"
         handcursor="true"
         maskchildren="false"
         zorder=""
         style=""
         ath="180.0" atv="-3.0"
         edge="center"
         zoom="true"
         distorted="false" rx="0.0" ry="0.0" rz="0.0"
         width="" height=""
         scale="1.0"
         altscale=""
         rotate="0.0"
         alpha="1.0"
         onover=""
         onhover="showtext(Koppa Circle,txt);"
         onout=""
         onclick="action(moveto2);"
         ondown=""
         onup=""
         onloaded=""
         altonloaded=""
         />
		 
		 
		 <action name="moveto4">
	  	lookto(2,-7,20);
	    action(load4);
			 lookto(110,0,50);
    </action>
	
	    <action name="load4">
    
	    loadpano(../taluk-office-azad-road/taluk-office-azad-road.xml,null,KEEPALL,BLEND(2));
	   
    </action>

	
	<hotspot name="Taluk Office Stop"
         url="../hotspot_ani.swf"
         alturl="..."
         keep="false"
         devices="all"
         visible="true"
         enabled="true"
         handcursor="true"
         maskchildren="false"
         zorder=""
         style=""
         ath="2" atv="-7"
         edge="center"
         zoom="true"
         distorted="false" rx="0.0" ry="0.0" rz="0.0"
         width="" height=""
         scale="1.0"
         altscale=""
         rotate="0.0"
         alpha="1.0"
         onover=""
         onhover="showtext(Taluk Office Stop,txt);"
         onout=""
         onclick="action(moveto4);"
         ondown=""
         onup=""
         onloaded=""
         altonloaded=""


         />


</krpano>

