<krpano>

    <include url="../plugins.xml" />
	<display details="24" />
<preview url="../bw/krushi-kendra.jpg" />
	<image type="CYLINDER">
		<cylinder url="krushi-kendra.jpg" />
	</image>
	
	 <action name="moveto2">
	 	  lookto(120,-2,20);
	    action(load2);
		 lookto(0,0,50);
    </action>
	
	    <action name="load2">
    
	    loadpano(../sahyadri-polytechnic/sahyadri-polytechnic.xml,null,KEEPALL,BLEND(2));
	   
    </action>

	
	<hotspot name="Sahyadri Polytechnic"
         url="../hotspot_ani.swf"
         alturl="..."
         keep="false"
         devices="all"
         visible="true"
         enabled="true"
         handcursor="true"
         maskchildren="false"
         zorder=""
         style=""
         ath="120" atv="-2.0"
         edge="center"
         zoom="true"
         distorted="false" rx="0.0" ry="0.0" rz="0.0"
         width="" height=""
         scale="1.0"
         altscale=""
         rotate="0.0"
         alpha="1.0"
         onover=""
         onhover="showtext(Sahyadri Polytechnic,txt);"
         onout=""
         onclick="action(moveto2);"
         ondown=""
         onup=""
         onloaded=""
         altonloaded=""
         />

	<!-- place hotspots here 3333333333333333-->

	<action name="moveto4">	 
		  lookto(50,-3,20);
	    action(load4);
			  lookto(0,0,50);
	</action>
	
	<action name="load4"> 
	    loadpano(../yedehalli-kere/yedehalli-kere.xml,null,KEEPALL,BLEND(2));	   
    </action>
	
	<hotspot name="Yedehalli Kere"
         url="../hotspot_ani.swf"
         alturl="..."
         keep="false"
         devices="all"
         visible="true"
         enabled="true"
         handcursor="true"
         maskchildren="false"
         zorder=""
         style=""
         ath="50" atv="-3"
         edge="center"
         zoom="true"
         distorted="false" rx="0.0" ry="0.0" rz="0.0"
         width="" height=""
         scale="1.0"
         altscale=""
         rotate="0.0"
         alpha="1.0"
         onover=""
         onhover="showtext(Yedehalli Kere,txt);"
         onout=""
         onclick="action(moveto4);"
         ondown=""
         onup=""
         onloaded=""
         altonloaded=""
        />

</krpano>

