<krpano>

    <include url="../plugins.xml" />
	<display details="24" />
<preview url="../bw/gandhi-square-car-street.jpg" />
	<image type="CYLINDER">
		<cylinder url="gandhi-square-car-street.jpg" />
	</image>
	
	 <action name="moveto2">
		  	lookto(30,3,20);
	    action(load2);
		  lookto(-150,0,50);
    </action>
	
	    <action name="load2">
    
	    loadpano(../car-street-car/car-street-car.xml,null,KEEPALL,BLEND(2));
	   
    </action>

	
	<hotspot name="Car Street - Car Shed "
         url="../hotspot_ani.swf"
         alturl="..."
         keep="false"
         devices="all"
         visible="true"
         enabled="true"
         handcursor="true"
         maskchildren="false"
         zorder=""
         style=""
         ath="30.0" atv="3.0"
         edge="center"
         zoom="true"
         distorted="false" rx="0.0" ry="0.0" rz="0.0"
         width="" height=""
         scale="1.0"
         altscale=""
         rotate="0.0"
         alpha="1.0"
         onover=""
         onhover="showtext(Car Street - Car Shed ,txt);"
         onout=""
         onclick="action(moveto2);"
         ondown=""
         onup=""
         onloaded=""
         altonloaded=""
         />
<action name="moveto3">
	  	  	lookto(-175,5,20);
	    action(load3);
		  lookto(180,0,50);
    </action>
	
	    <action name="load3">
    
	    loadpano(../gandhi-square/gandhi-square.xml,null,KEEPALL,BLEND(2));
	   
    </action>

	
	<hotspot name="Gandhi Square"
         url="../hotspot_ani.swf"
         alturl="..."
         keep="false"
         devices="all"
         visible="true"
         enabled="true"
         handcursor="true"
         maskchildren="false"
         zorder=""
         style=""
         ath="-175" atv="5"
         edge="center"
         zoom="true"
         distorted="false" rx="0.0" ry="0.0" rz="0.0"
         width="" height=""
         scale="1.0"
         altscale=""
         rotate="0.0"
         alpha="1.0"
         onover=""
         onhover="showtext(Gandhi Square,txt);"
         onout=""
         onclick="action(moveto3);"
         ondown=""
         onup=""
         onloaded=""
         altonloaded=""


         />

	




		 <!-- place hotspots here 3333333333333333-->

 <action name="moveto4">
	  	lookto(-33,3,20);
	    action(load4);
			 lookto(-50,0,50);
    </action>
	
	    <action name="load4">
    
	    loadpano(../taluk-office-azad-road/taluk-office-azad-road.xml,null,KEEPALL,BLEND(2));
	   
    </action>

	
	<hotspot name="Taluk Office Stop"
         url="../hotspot_ani.swf"
         alturl="..."
         keep="false"
         devices="all"
         visible="true"
         enabled="true"
         handcursor="true"
         maskchildren="false"
         zorder=""
         style=""
         ath="-33" atv="3"
         edge="center"
         zoom="true"
         distorted="false" rx="0.0" ry="0.0" rz="0.0"
         width="" height=""
         scale="1.0"
         altscale=""
         rotate="0.0"
         alpha="1.0"
         onover=""
         onhover="showtext(Taluk Office Stop,txt);"
         onout=""
         onclick="action(moveto4);"
         ondown=""
         onup=""
         onloaded=""
         altonloaded=""


         />






</krpano>

