<krpano>

    <include url="../plugins.xml" />
	<display details="24" />
<preview url="../bw/car-street-car.jpg" />
	<image type="CYLINDER">
		<cylinder url="car-street-car.jpg" />
	</image>
	
	 <action name="moveto2">
	  	lookto(-165,0,20);
	    action(load2);
			  lookto(0,0,50);
    </action>
	
	    <action name="load2">
    
	    loadpano(../rameshwara-temple/rameshwara-temple.xml,null,KEEPALL,BLEND(2));
	   
    </action>

	
	<hotspot name="Rameshwara Temple"
         url="../hotspot_ani.swf"
         alturl="..."
         keep="false"
         devices="all"
         visible="true"
         enabled="true"
         handcursor="true"
         maskchildren="false"
         zorder=""
         style=""
         ath="-165.0" atv="0.0"
         edge="center"
         zoom="true"
         distorted="false" rx="0.0" ry="0.0" rz="0.0"
         width="" height=""
         scale="1.0"
         altscale=""
         rotate="0.0"
         alpha="1.0"
         onover=""
         onhover="showtext(Rameshwara Temple,txt);"
         onout=""
         onclick="action(moveto2);"
         ondown=""
         onup=""
         onloaded=""
         altonloaded=""
         />

		 
		  <action name="moveto3">
	  	  	lookto(-2,6,20);
	    action(load3);
		lookto(180,0,50);
    </action>
	
	    <action name="load3">
    
	    loadpano(../gandhi-square-car-street/gandhi-square-car-street.xml,null,KEEPALL,BLEND(2));
	   
    </action>

	
	<hotspot name="Gandhi Square Car Street Entrance"
         url="../hotspot_ani.swf"
         alturl="..."
         keep="false"
         devices="all"
         visible="true"
         enabled="true"
         handcursor="true"
         maskchildren="false"
         zorder=""
         style=""
         ath="-2.0" atv="6.0"
         edge="center"
         zoom="true"
         distorted="false" rx="0.0" ry="0.0" rz="0.0"
         width="" height=""
         scale="1.0"
         altscale=""
         rotate="0.0"
         alpha="1.0"
         onover=""
         onhover="showtext(Gandhi Square Car Street Entrance,txt);"
         onout=""
         onclick="action(moveto3);"
         ondown=""
         onup=""
         onloaded=""
         altonloaded=""
         />

</krpano>

