<krpano>

    <include url="../plugins.xml" />
	<display details="24" />
<preview url="../bw/hospital.jpg" />
	<image type="CYLINDER">
		<cylinder url="hospital.jpg" />
	</image>
	
	 <action name="moveto2">
	lookto(-2,-6,20);
	    action(load2);
		  lookto(125,0,50);
    </action>
	
	    <action name="load2">
    
	    loadpano(../koppa-circle/koppa-circle.xml,null,KEEPALL,BLEND(2));
	   
    </action>

	
	<hotspot name="Koppa Circle"
         url="../hotspot_ani.swf"
         alturl="..."
         keep="false"
         devices="all"
         visible="true"
         enabled="true"
         handcursor="true"
         maskchildren="false"
         zorder=""
         style=""
         ath="-2.0" atv="-6.0"
         edge="center"
         zoom="true"
         distorted="false" rx="0.0" ry="0.0" rz="0.0"
         width="" height=""
         scale="1.0"
         altscale=""
         rotate="0.0"
         alpha="1.0"
         onover=""
         onhover="showtext(Koppa Circle);"
         onout=""
         onclick="action(moveto2);"
         ondown=""
         onup=""
         onloaded=""
         altonloaded=""
         />
<!-- Bus Stand MNG-->
	 <action name="moveto3">
	lookto(-178,-8,20);
	    action(load3);
		  lookto(-145,-8,50);
    </action>
	
	    <action name="load3">
    
	    loadpano(../main-bus-stand-mng/main-bus-stand-mng.xml,null,KEEPALL,BLEND(2));
	   
    </action>

	
	<hotspot name="Main Bus Stand - MNG"
         url="../hotspot_ani.swf"
         alturl="..."
         keep="false"
         devices="all"
         visible="true"
         enabled="true"
         handcursor="true"
         maskchildren="false"
         zorder=""
         style=""
         ath="178.0" atv="-8.0"
       
         edge="center"
         zoom="true"
         distorted="false" rx="0.0" ry="0.0" rz="0.0"
         width="" height=""
         scale="1.0"
         altscale=""
         rotate="0.0"
         alpha="1.0"
         onover=""
         onhover="showtext(Main Bus Stand - Highway - Towards Shimoga);"
         onout=""
         onclick="action(moveto3);"
         ondown=""
         onup=""
         onloaded=""
         altonloaded=""
         />

</krpano>

