<krpano>

    <include url="../plugins.xml" />
	<display details="24" />
<preview url="../bw/tunga-college-entrance.jpg" />
	<image type="CYLINDER">
		<cylinder url="tunga-college-entrance.jpg" />
	</image>
	
	
		 
	
		 
		  <action name="moveto2">
	  lookto(106,0,20);
	    action(load2);
		lookto(0,0,50);
    </action>
	
	    <action name="load2">
    
	    loadpano(../tudki/tudki.xml,null,KEEPALL,BLEND(2));
	   
    </action>

	
	<hotspot name="Tudki - Tunga College Entrace"
         url="../hotspot_ani.swf"
         alturl="..."
         keep="false"
         devices="all"
         visible="true"
         enabled="true"
         handcursor="true"
         maskchildren="false"
         zorder=""
         style=""
         ath="106.0" atv="2.0"
         edge="center"
         zoom="true"
         distorted="false" rx="0.0" ry="0.0" rz="0.0"
         width="" height=""
         scale="1.0"
         altscale=""
         rotate="0.0"
         alpha="1.0"
         onover=""
         onhover="showtext(Tudki - Tunga College Entrace);"
         onout=""
         onclick="action(moveto2);"
         ondown=""
         onup=""
         onloaded=""
         altonloaded=""
         />

</krpano>

