<!-- plugins.xml -->
<!-- text style for hotspot hovering -->       
	<textstyle name="txt" 
	           font="Arial" fontsize="18" bold="true" italic="true" textcolor="0xFFF7EF" background="false" border="false"
	           alpha="1" blendmode="layer" effect="glow(0x000000,0.5,4,3);dropshadow(4,45,0x000000,4,0.66);" 
	           origin="cursor" edge="bottom" textalign="center" xoffset="0" yoffset="-3" noclip="true" showtime="0.1" fadetime="0.25" fadeintime="0.1" 
	           />	
	       

<!-- krpano logo-->
<plugin name="logo" 
        url="plugins/krpano_logo.png" 
        align="rightbottom"
        x="10"
        y="10"
        onhover="showtext(Like us on Facebook,txt);"
        onclick="openurl(https://facebook.com/thirthahalli.in,_blank);" 
        />

	<!-- the button bar -->
	<plugin name="buttonbar"
	        url="bgbar.png"
	        handcursor="false"
	        align="bottom"
	        y="10"
	        scalechildren="true"
	        alpha="0.25"
	        onover="tween(alpha,1);"
	        onout="tween(alpha,0.25);"
	        />

	<!-- a style element with predefined settings for the buttons -->
	<style name="barbutton" parent="buttonbar" align="leftop" y="5" url="buttons.png" />

	<!-- the buttons -->
	<plugin name="in"       style="barbutton" x="5"   crop="160|0|40|40" onovercrop="160|40|40|40" ondowncrop="160|80|40|40" ondown="set(fov_moveforce,-1);"      onup="set(fov_moveforce,0);"     />
	<plugin name="out"      style="barbutton" x="45"  crop="200|0|40|40" onovercrop="200|40|40|40" ondowncrop="200|80|40|40" ondown="set(fov_moveforce,+1);"      onup="set(fov_moveforce,0);"     />
	
	
	<plugin name="left"     style="barbutton" x="125"  crop=  "0|0|40|40" onovercrop=  "0|40|40|40" ondowncrop=  "0|80|40|40" ondown="set(hlookat_moveforce,-1);"  onup="set(hlookat_moveforce,0);" />
	
	<plugin name="right"    style="barbutton" x="165" crop= "40|0|40|40" onovercrop= "40|40|40|40" ondowncrop= "40|80|40|40" ondown="set(hlookat_moveforce,+1);"  onup="set(hlookat_moveforce,0);" />
	
	

	
	
	<plugin name="dragmode" style="barbutton" x="245" crop="400|0|40|40" onovercrop="400|40|40|40" ondowncrop="400|80|40|40" onhover="showtext(Change Control Mode,txt);"  onclick="action(dragcursor);"    visible="true"  />
	<plugin name="movemode" style="barbutton" x="245" crop="360|0|40|40" onovercrop="360|40|40|40" ondowncrop="360|80|40|40" onhover="showtext(Change Control Mode,txt);"  onclick="action(qtvrcursor);"    visible="false" />
	<plugin name="openfs"   style="barbutton" x="285" crop="280|0|40|40" onovercrop="280|40|40|40" ondowncrop="280|80|40|40" onhover="showtext(Fullscreen,txt);"          onclick="set(fullscreen,true);"  visible="true"  />
	<plugin name="closefs"  style="barbutton" x="285" crop="320|0|40|40" onovercrop="320|40|40|40" ondowncrop="320|80|40|40" onhover="showtext(Exit Fullscreen,txt);"     onclick="set(fullscreen,false);" visible="false" />


	<!-- events - set the cursor image on start and add events for the fullscreen button change -->
	<events onxmlcomplete="action(qtvrcursor);"
	        onenterfullscreen="set(plugin[openfs].visible,false); set(plugin[closefs].visible,true);"
	        onexitfullscreen ="set(plugin[openfs].visible,true);  set(plugin[closefs].visible,false);"
	        />

<!-- actions to change the mouse cursor image -->
	<action name="dragcursor">
		set(plugin[dragmode].visible, false);
		set(plugin[movemode].visible, true);
		set(control.mousetype, drag2D);
		set(cursors.url, %CURRENTXML%/drag-cursors.png);
		set(cursors.type, drag);
		set(cursors.move,  2|0|30|32);
		set(cursors.drag, 37|0|30|32);
	</action>

	<action name="qtvrcursor">
		set(plugin[dragmode].visible, true);
		set(plugin[movemode].visible, false);
		set(control.mousetype, moveto);
		set(cursors.url, %CURRENTXML%/qtvr-cursors.png);
		set(cursors.type, 8way);
		set(cursors.move,       0|0|16|16);
		set(cursors.drag,      16|0|16|16);
		set(cursors.arrow_u,   32|0|16|16);
		set(cursors.arrow_d,   48|0|16|16);
		set(cursors.arrow_l,   64|0|16|16);
		set(cursors.arrow_r,   80|0|16|16);
		set(cursors.arrow_lu,  96|0|16|16);
		set(cursors.arrow_ru, 112|0|16|16);
		set(cursors.arrow_rd, 128|0|16|16);
		set(cursors.arrow_ld, 144|0|16|16);
	</action>
 <!-- Intro Image Test -->
 
 
	<events onloadcomplete="delayedcall(2, if(plugin[introimage], hideintroimage() ); ); set(events.onloadcomplete,null);" />
	
	
	<plugin name="introimage"
	        url="introimage.png"
	        align="center"
	        onloaded="set(alpha,0); tween(alpha,1.0);"
	        onclick="hideintroimage();"
	        />
	
	<action name="hideintroimage">
		if(plugin[introimage].enabled,
			set(plugin[introimage].enabled,false);
			tween(plugin[introimage].alpha, 0.0, 0.5, default, removeplugin(introimage));
		  );
	</action>
	
	<!-- Auto Rotation -->
	
	<autorotate enabled="true"
            waittime="1.0"
            speed="18.0"
            />
			<!-- Combo Box -->	
<plugin name="cb" url="plugins/combobox.swf" alturl="plugins/combobox.js"
        align="leftbottom" x="10" y="10" rowcount="12" 
        >
		<item name="item" caption="Select Location" onclick="" />
    <item name="item1" caption="Main Bus Stand" onclick="action(moveto101)" />
  <item name="item2" caption="Koppa Circle" onclick="action(moveto102)" />
   <item name="item3" caption="Taluk Office" onclick="action(moveto103)" />
    <item name="item4" caption="Gandhi Square" onclick="action(moveto104)" />
	 <item name="item5" caption="Church Circle" onclick="action(moveto105)" />
	  <item name="item6" caption="Agumbe Bus Stand" onclick="action(moveto106)" />
	   <item name="item7" caption="Krushi Kendra" onclick="action(moveto107)" />
	    <item name="item8" caption="Tunga Bridge" onclick="action(moveto108)" />
		 <item name="item9" caption="Tunga River" onclick="action(moveto109)" />
		  <item name="item10" caption="Travellers Bunglow" onclick="action(moveto110)" />
		   <item name="item11" caption="Tunga College" onclick="action(moveto111)" />
		    <item name="item12" caption="Rameshwara Temple" onclick="action(moveto112)" />
			<item name="item13" caption="Rural Shores BPO" onclick="action(moveto113)" />
			 <item name="item14" caption="Venkatesh Theatre" onclick="action(moveto114)" />
			  <item name="item15" caption="Govt Hospital" onclick="action(moveto115)" />
			   <item name="item16" caption="Anjaneya Temple" onclick="action(moveto116)" />
			   <item name="item17" caption="Car Street" onclick="action(moveto117)" />
		   <item name="item18" caption="Soppugudde" onclick="action(moveto118)" />  
		    <item name="item19" caption="Sahyadri Polytechnic" onclick="action(moveto119)" />  
</plugin>


<action name="moveto101">
	 loadpano(../main-bus-stand-mng/main-bus-stand-mng.xml,null,KEEPALL,BLEND(2));
		  lookto(-100,0,50);
</action>
<action name="moveto102">
	 loadpano(../koppa-circle/koppa-circle.xml,null,KEEPALL,BLEND(2));
		  lookto(0,0,50);
</action>
<action name="moveto103">
	loadpano(../taluk-office-azad-road/taluk-office-azad-road.xml,null,KEEPALL,BLEND(2));
		  lookto(0,0,50);
</action>
<action name="moveto104">
	 loadpano(../gandhi-square/gandhi-square.xml,null,KEEPALL,BLEND(2));
		  lookto(0,0,50);
</action>
<action name="moveto105">
	  loadpano(../church-azad-road/church-azad-road.xml,null,KEEPALL,BLEND(2));
		  lookto(0,0,50);
</action>
<action name="moveto106">
	loadpano(../agumbe-bus-stand/agumbe-bus-stand.xml,null,KEEPALL,BLEND(2));
		  lookto(0,0,50);
</action>
<action name="moveto107">
	loadpano(../krushi-kendra/krushi-kendra.xml,null,KEEPALL,BLEND(2));
		  lookto(0,0,50);
</action>
<action name="moveto108">
	loadpano(../tunga-bridge/tunga-bridge.xml,null,KEEPALL,BLEND(2));
		  lookto(0,0,50);
</action>
<action name="moveto109">
	 loadpano(../tunga-river/tunga-river.xml,null,KEEPALL,BLEND(2));
		  lookto(0,0,50);
</action>
<action name="moveto110">
	  loadpano(../tb-garden/tb-garden.xml,null,KEEPALL,BLEND(2));
		  lookto(0,0,50);
</action>
<action name="moveto111">
	 loadpano(../tunga-college-entrance/tunga-college-entrance.xml,null,KEEPALL,BLEND(2));
		  lookto(0,0,50);
</action>
<action name="moveto112">
	loadpano(../rameshwara-temple/rameshwara-temple.xml,null,KEEPALL,BLEND(2));
		  lookto(0,0,50);
</action>
<action name="moveto113">
	loadpano(../rural-shores/rural-shores.xml,null,KEEPALL,BLEND(2));	
		  lookto(0,0,50);
</action>
<action name="moveto114">
	 loadpano(../venkatesha-talkies/venkatesha-talkies.xml,null,KEEPALL,BLEND(2));
		  lookto(0,0,50);
</action>
<action name="moveto115">
	
	     loadpano(../hospital/hospital.xml,null,KEEPALL,BLEND(2));
		  lookto(0,0,50);
</action>
<action name="moveto116">
	loadpano(../ananeya-temple/ananeya-temple.xml,null,KEEPALL,BLEND(2));
		  lookto(0,0,50);
</action>
<action name="moveto117">
	 loadpano(../car-street-car/car-street-car.xml,null,KEEPALL,BLEND(2));
		  lookto(0,0,50);
</action>
<action name="moveto118">
	 loadpano(../soppugudde/soppugudde.xml,null,KEEPALL,BLEND(2));
		  lookto(0,0,50);
</action>

<action name="moveto119">
	 loadpano(../sahyadri-polytechnic/sahyadri-polytechnic.xml,null,KEEPALL,BLEND(2));
		  lookto(0,0,50);
</action>
   

