<krpano>

    <include url="../plugins.xml" />
	<display details="24" />
<preview url="../bw/kushavathi.jpg" />
	<image type="CYLINDER">
		<cylinder url="kushavathi.jpg" />
	</image>
	
	 <action name="moveto2">
	  lookto(170,0,20);
	    action(load2);
		 lookto(0,0,50);
    </action>
	
	    <action name="load2">
    
	    loadpano(../ananeya-temple/ananeya-temple.xml,null,KEEPALL,BLEND(2));
	   
    </action>

	
	<hotspot name="Anjaneya Temple"
         url="../hotspot_ani.swf"
         alturl="..."
         keep="false"
         devices="all"
         visible="true"
         enabled="true"
         handcursor="true"
         maskchildren="false"
         zorder=""
         style=""
         ath="170.0" atv="0.0"
         edge="center"
         zoom="true"
         distorted="false" rx="0.0" ry="0.0" rz="0.0"
         width="" height=""
         scale="1.0"
         altscale=""
         rotate="0.0"
         alpha="1.0"
         onover=""
         onhover="showtext(Anjaneya Temple);"
         onout=""
         onclick="action(moveto2);"
         ondown=""
         onup=""
         onloaded=""
         altonloaded=""
         />

		 
		  <action name="moveto3">
	  lookto(0,4,20);
	    action(load3);
		  lookto(0,0,50);
		
    </action>
	
	    <action name="load3">
    
	    loadpano(../main-bus-stand-smg/main-bus-stand-smg.xml,null,KEEPALL,BLEND(2));
	   
    </action>

	
	<hotspot name="Main Bus Stand - Towords Shimoga"
         url="../hotspot_ani.swf"
         alturl="..."
         keep="false"
         devices="all"
         visible="true"
         enabled="true"
         handcursor="true"
         maskchildren="false"
         zorder=""
         style=""
         ath="0.0" atv="4.0"
         edge="center"
         zoom="true"
         distorted="false" rx="0.0" ry="0.0" rz="0.0"
         width="" height=""
         scale="1.0"
         altscale=""
         rotate="0.0"
         alpha="1.0"
         onover=""
         onhover="showtext(Main Bus Stand );"
         onout=""
         onclick="action(moveto3);"
         ondown=""
         onup=""
         onloaded=""
         altonloaded=""
         />
		 

</krpano>

