<krpano>

    <include url="../plugins.xml" />
	<display details="24" />
<preview url="../bw/soppugudde.jpg" />
	<image type="CYLINDER">
		<cylinder url="soppugudde.jpg" />
	</image>
	
	 <action name="moveto2">
 lookto(15,0,50);
	    action(load2);
			  lookto(120,0,50);
    </action>
	
	    <action name="load2">
    
	    loadpano(../church-azad-road/church-azad-road.xml,null,KEEPALL,BLEND(2));
	   
    </action>

	
	<hotspot name="Church Circle"
         url="../hotspot_ani.swf"
         alturl="..."
         keep="false"
         devices="all"
         visible="true"
         enabled="true"
         handcursor="true"
         maskchildren="false"
         zorder=""
         style=""
      
         ath="15" atv="0"
         edge="center"
         zoom="true"
         distorted="false" rx="0.0" ry="0.0" rz="0.0"
         width="" height=""
         scale="1.0"
         altscale=""
         rotate="0.0"
         alpha="1.0"
         onover=""
         onhover="showtext(Church Circle,txt);"
         onout=""
         onclick="action(moveto2);"
         ondown=""
         onup=""
         onloaded=""
         altonloaded=""
         />
		 
		 <!-- place hotspots here 22222222222222222222-->

 <action name="moveto3">
	   lookto(180,-2,50);
	    action(load3);
	  lookto(0,0,50);
    </action>
	
	    <action name="load3">
    
	    loadpano(../venkatesha-talkies/venkatesha-talkies.xml,null,KEEPALL,BLEND(2));
	   
    </action>

	
	<hotspot name="Venkatesha Talkies"
         url="../hotspot_ani.swf"
         alturl="..."
         keep="false"
         devices="all"
         visible="true"
         enabled="true"
         handcursor="true"
         maskchildren="false"
         zorder=""
         style=""
         ath="180" atv="-2"
         edge="center"
         zoom="true"
         distorted="false" rx="0.0" ry="0.0" rz="0.0"
         width="" height=""
         scale="1.0"
         altscale=""
         rotate="0.0"
         alpha="1.0"
         onover=""
         onhover="showtext(Venkatesha Talkies,txt);"
         onout=""
         onclick="action(moveto3);"
         ondown=""
         onup=""
         onloaded=""
         altonloaded=""


         />



	<!-- place hotspots here 3333333333333333-->

 <action name="moveto4">
	  lookto(-13,2,50);
	    action(load4);
	  lookto(80,0,50);
    </action>
	
	    <action name="load4">
    
	    loadpano(../vinayaka-talkies-road/vinayaka-talkies-road.xml,null,KEEPALL,BLEND(2));
	   
    </action>

	
	<hotspot name="Vinayaka Talkies Road"
         url="../hotspot_ani.swf"
         alturl="..."
         keep="false"
         devices="all"
         visible="true"
         enabled="true"
         handcursor="true"
         maskchildren="false"
         zorder=""
         style=""
         ath="-13" atv="2"
         edge="center"
         zoom="true"
         distorted="false" rx="0.0" ry="0.0" rz="0.0"
         width="" height=""
         scale="1.0"
         altscale=""
         rotate="0.0"
         alpha="1.0"
         onover=""
         onhover="showtext(Vinayaka Talkies Road,txt);"
         onout=""
         onclick="action(moveto4);"
         ondown=""
         onup=""
         onloaded=""
         altonloaded=""


         />


</krpano>

