<krpano>

    <include url="../plugins.xml" />
	<display details="24" />
<preview url="../bw/taluk-office-azad-road.jpg" />
	<image type="CYLINDER">
		<cylinder url="taluk-office-azad-road.jpg" />
	</image>
	
	 <action name="moveto2">
		  	lookto(-75,-5,20);
	    action(load2);
		  lookto(180,0,50);
    </action>
	
	    <action name="load2">
    
	    loadpano(../corpbank-azad-road/corpbank-azad-road.xml,null,KEEPALL,BLEND(2));
	   
    </action>

	
	<hotspot name="Muncipal Complex"
         url="../hotspot_ani.swf"
         alturl="..."
         keep="false"
         devices="all"
         visible="true"
         enabled="true"
         handcursor="true"
         maskchildren="false"
         zorder=""
         style=""
         ath="-75.0" atv="-5.0"
         edge="center"
         zoom="true"
         distorted="false" rx="0.0" ry="0.0" rz="0.0"
         width="" height=""
         scale="1.0"
         altscale=""
         rotate="0.0"
         alpha="1.0"
         onover=""
         onhover="showtext(Muncipal Complex,txt);"
         onout=""
         onclick="action(moveto2);"
         ondown=""
         onup=""
         onloaded=""
         altonloaded=""
         />
		 
		  <action name="moveto3">
		  	lookto(103,-1,20);
	    action(load3);
		  lookto(180,0,50);
    </action>
	
	    <action name="load3">
    
	    loadpano(../gandhi-square-car-street/gandhi-square-car-street.xml,null,KEEPALL,BLEND(2));
	   
    </action>

	
	<hotspot name="Gandhi Square Car Street Entrance"
         url="../hotspot_ani.swf"
         alturl="..."
         keep="false"
         devices="all"
         visible="true"
         enabled="true"
         handcursor="true"
         maskchildren="false"
         zorder=""
         style=""
         ath="103.0" atv="-1.0"
         edge="center"
         zoom="true"
         distorted="false" rx="0.0" ry="0.0" rz="0.0"
         width="" height=""
         scale="1.0"
         altscale=""
         rotate="0.0"
         alpha="1.0"
         onover=""
         onhover="showtext(Gandhi Square Car Street Entrance,txt);"
         onout=""
         onclick="action(moveto3);"
         ondown=""
         onup=""
         onloaded=""
         altonloaded=""
         />


</krpano>

