<krpano>

    <include url="../plugins.xml" />
	<display details="24" />
<preview url="../bw/koppa-circle.jpg" />
	<image type="CYLINDER">
		<cylinder url="koppa-circle.jpg" />
	</image>
	
	 <action name="moveto2">
	  	lookto(13,0,20);
	    action(load2);
		lookto(0,0,50);
    </action>
	
	    <action name="load2">
    
	    loadpano(../vagdevi-school/vagdevi-school.xml,null,KEEPALL,BLEND(2));
	   
    </action>

	
	<hotspot name="Vagdevi School"
         url="../hotspot_ani.swf"
         alturl="..."
         keep="false"
         devices="all"
         visible="true"
         enabled="true"
         handcursor="true"
         maskchildren="false"
         zorder=""
         style=""
         ath="13.0" atv="0.0"
         edge="center"
         zoom="true"
         distorted="false" rx="0.0" ry="0.0" rz="0.0"
         width="" height=""
         scale="1.0"
         altscale=""
         rotate="0.0"
         alpha="1.0"
         onover=""
         onhover="showtext(Vagdevi School,txt);"
         onout=""
         onclick="action(moveto2);"
         ondown=""
         onup=""
         onloaded=""
         altonloaded=""
         />
		 
		 
		  <action name="moveto3">
		  	lookto(135,0,20);
	    action(load3);
		  lookto(0,0,50);
    </action>
	
	    <action name="load3">
    
	    loadpano(../corpbank-azad-road/corpbank-azad-road.xml,null,KEEPALL,BLEND(2));
	   
    </action>

	
	<hotspot name="Muncipal Complex"
         url="../hotspot_ani.swf"
         alturl="..."
         keep="false"
         devices="all"
         visible="true"
         enabled="true"
         handcursor="true"
         maskchildren="false"
         zorder=""
         style=""
         ath="135.0" atv="0.0"
         edge="center"
         zoom="true"
         distorted="false" rx="0.0" ry="0.0" rz="0.0"
         width="" height=""
         scale="1.0"
         altscale=""
         rotate="0.0"
         alpha="1.0"
         onover=""
         onhover="showtext(Muncipal Complex,txt);"
         onout=""
         onclick="action(moveto3);"
         ondown=""
         onup=""
         onloaded=""
         altonloaded=""
         />
<!-- Civil court -->
<action name="moveto4">
		  	lookto(-140,0,20);
	    action(load4);
		  lookto(0,0,50);
    </action>
	
	    <action name="load4">
    
	    loadpano(../civil-court-soppugudde/civil-court-soppugudde.xml,null,KEEPALL,BLEND(2));
	   
    </action>

	
	<hotspot name="Soppugudde"
         url="../hotspot_ani.swf"
         alturl="..."
         keep="false"
         devices="all"
         visible="true"
         enabled="true"
         handcursor="true"
         maskchildren="false"
         zorder=""
         style=""
         ath="-140.0" atv="0.0"
         edge="center"
         zoom="true"
         distorted="false" rx="0.0" ry="0.0" rz="0.0"
         width="" height=""
         scale="1.0"
         altscale=""
         rotate="0.0"
         alpha="1.0"
         onover=""
         onhover="showtext(Soppugudde,txt);"
         onout=""
         onclick="action(moveto4);"
         ondown=""
         onup=""
         onloaded=""
         altonloaded=""
         />
		 
		 <!-- Hospital -->
<action name="moveto5">
		  	lookto(-50,0,20);
	    action(load5);
		  lookto(180,0,50);
    </action>
	
	    <action name="load5">
    
	    loadpano(../hospital/hospital.xml,null,KEEPALL,BLEND(2));
	   
    </action>

	
	<hotspot name="Jayachamarajendra Hospital"
         url="../hotspot_ani.swf"
         alturl="..."
         keep="false"
         devices="all"
         visible="true"
         enabled="true"
         handcursor="true"
         maskchildren="false"
         zorder=""
         style=""
         ath="-50.0" atv="0.0"
         edge="center"
         zoom="true"
         distorted="false" rx="0.0" ry="0.0" rz="0.0"
         width="" height=""
         scale="1.0"
         altscale=""
         rotate="0.0"
         alpha="1.0"
         onover=""
         onhover="showtext(Jayachamarajendra Hospital,txt);"
         onout=""
         onclick="action(moveto5);"
         ondown=""
         onup=""
         onloaded=""
         altonloaded=""
         />




</krpano>

