<krpano>

    <include url="../plugins.xml" />
	<display details="24" />
<preview url="../bw/agumbe-bus-stand.jpg" />
	<image type="CYLINDER">
		<cylinder url="agumbe-bus-stand.jpg" />
	</image>
	
	 <action name="moveto2">
	  lookto(175,2,20);
	    action(load2);
			  lookto(-75,0,50);
    </action>
	
	    <action name="load2">
    
	    loadpano(../church-azad-road/church-azad-road.xml,null,KEEPALL,BLEND(2));
	   
    </action>

	
	<hotspot name="Church Circle"
         url="../hotspot_ani.swf"
         alturl="..."
         keep="false"
         devices="all"
         visible="true"
         enabled="true"
         handcursor="true"
         maskchildren="false"
         zorder=""
         style=""
         ath="175" atv="2"
         edge="center"
         zoom="true"
         distorted="false" rx="0.0" ry="0.0" rz="0.0"
         width="" height=""
         scale="1.0"
         altscale=""
         rotate="0.0"
         alpha="1.0"
         onover=""
         onhover="showtext(Church Circle,txt);"
         onout=""
         onclick="action(moveto2);"
         ondown=""
         onup=""
         onloaded=""
         altonloaded=""
         />
		 
		 <!-- place hotspots here 22222222222222222222-->

 <action name="moveto3">
	  lookto(-8,5,20);
	    action(load3);
			  lookto(0,0,50);
    </action>
	
	    <action name="load3">
    
	    loadpano(../balebailu/balebailu.xml,null,KEEPALL,BLEND(2));
	   
    </action>

	
	<hotspot name="Balebailu"
         url="../hotspot_ani.swf"
         alturl="..."
         keep="false"
         devices="all"
         visible="true"
         enabled="true"
         handcursor="true"
         maskchildren="false"
         zorder=""
         style=""
         ath="-8" atv="5"
         edge="center"
         zoom="true"
         distorted="false" rx="0.0" ry="0.0" rz="0.0"
         width="" height=""
         scale="1.0"
         altscale=""
         rotate="0.0"
         alpha="1.0"
         onover=""
         onhover="showtext(Balebailu,txt);"
         onout=""
         onclick="action(moveto3);"
         ondown=""
         onup=""
         onloaded=""
         altonloaded=""


         />



	<!-- place hotspots here 3333333333333333-->

 <action name="moveto4">
	  lookto(8,2,20);
	    action(load4);
			  lookto(0,0,50);
    </action>
	
	    <action name="load4">
    
	    loadpano(../bettamakki/bettamakki.xml,null,KEEPALL,BLEND(2));
	   
    </action>

	
	<hotspot name="Bettamakki"
         url="../hotspot_ani.swf"
         alturl="..."
         keep="false"
         devices="all"
         visible="true"
         enabled="true"
         handcursor="true"
         maskchildren="false"
         zorder=""
         style=""
         ath="8" atv="2"
         edge="center"
         zoom="true"
         distorted="false" rx="0.0" ry="0.0" rz="0.0"
         width="" height=""
         scale="1.0"
         altscale=""
         rotate="0.0"
         alpha="1.0"
         onover=""
         onhover="showtext(Bettamakki,txt);"
         onout=""
         onclick="action(moveto4);"
         ondown=""
         onup=""
         onloaded=""
         altonloaded=""


         />


</krpano>

