<krpano>

    <include url="../plugins.xml" />
	<display details="24" />
<preview url="../bw/tunga-bridge.jpg" />
	<image type="CYLINDER">
		<cylinder url="tunga-bridge.jpg" />
	</image>
	
	 <action name="moveto2">
	  	  	lookto(13,0,20);
	    action(load2);
			  	lookto(0,0,50);
    </action>
	
	    <action name="load2">
    
	    loadpano(../tunga-river/tunga-river.xml,null,KEEPALL,BLEND(2));
	   
    </action>

	
	<hotspot name="Tunga River"
         url="../hotspot_ani.swf"
         alturl="..."
         keep="false"
         devices="all"
         visible="true"
         enabled="true"
         handcursor="true"
         maskchildren="false"
         zorder=""
         style=""
         ath="35.0" atv="6.0"
         edge="center"
         zoom="true"
         distorted="false" rx="0.0" ry="0.0" rz="0.0"
         width="" height=""
         scale="1.0"
         altscale=""
         rotate="0.0"
         alpha="1.0"
         onover=""
         onhover="showtext(Tunga River,txt);"
         onout=""
         onclick="action(moveto2);"
         ondown=""
         onup=""
         onloaded=""
         altonloaded=""
         />
		 
		 <!-- Travellers Bunglow-->
		 
		 	 <action name="moveto3">
	  	  	lookto(145,0,20);
	    action(load3);
		lookto(180,0,50);
    </action>
	
	    <action name="load3">
    
	    loadpano(../tb-garden/tb-garden.xml,null,KEEPALL,BLEND(2));
	   
    </action>

	
	<hotspot name="Travellers Bunglow - Garden"
         url="../hotspot_ani.swf"
         alturl="..."
         keep="false"
         devices="all"
         visible="true"
         enabled="true"
         handcursor="true"
         maskchildren="false"
         zorder=""
         style=""
         ath="145.0" atv="0.0"
         edge="center"
         zoom="true"
         distorted="false" rx="0.0" ry="0.0" rz="0.0"
         width="" height=""
         scale="1.0"
         altscale=""
         rotate="0.0"
         alpha="1.0"
         onover=""
         onhover="showtext(Travellers Bunglow - Garden,txt);"
         onout=""
         onclick="action(moveto3);"
         ondown=""
         onup=""
         onloaded=""
         altonloaded=""
         />


</krpano>

