<krpano>

    <include url="../plugins.xml" />
	<display details="24" />
<preview url="../bw/church-azad-road.jpg" />
	<image type="CYLINDER">
		<cylinder url="church-azad-road.jpg" />
	</image>
	
	 <action name="moveto2">
	  lookto(105,0,20);
	    action(load2);
		  lookto(0,0,50);
		
    </action>
	
	    <action name="load2">
    
	    loadpano(../agumbe-bus-stand/agumbe-bus-stand.xml,null,KEEPALL,BLEND(2));
	   
    </action>

	
	<hotspot name="Agumbe Bus Stand"
         url="../hotspot_ani.swf"
         alturl="..."
         keep="false"
         devices="all"
         visible="true"
         enabled="true"
         handcursor="true"
         maskchildren="false"
         zorder=""
         style=""
         ath="105" atv="0.0"
         edge="center"
         zoom="true"
         distorted="false" rx="0.0" ry="0.0" rz="0.0"
         width="" height=""
         scale="1.0"
         altscale=""
         rotate="0.0"
         alpha="1.0"
         onover=""
         onhover="showtext(Agumbe Bus Stand,txt);"
         onout=""
         onclick="action(moveto2);"
         ondown=""
         onup=""
         onloaded=""
         altonloaded=""
         />
		 
		 
		 <!-- place hotspots here 22222222222222222222-->

 <action name="moveto3">
	  	  lookto(-1,2,20);
	    action(load3);
		  lookto(180,0,50);
    </action>
	
	    <action name="load3">
    
	    loadpano(../gandhi-square-soppugudde-side/gandhi-square-soppugudde-side.xml,null,KEEPALL,BLEND(2));
	   
    </action>

	
	<hotspot name="Gandhi Square"
         url="../hotspot_ani.swf"
         alturl="..."
         keep="false"
         devices="all"
         visible="true"
         enabled="true"
         handcursor="true"
         maskchildren="false"
         zorder=""
         style=""
         ath="-1" atv="2"
         edge="center"
         zoom="true"
         distorted="false" rx="0.0" ry="0.0" rz="0.0"
         width="" height=""
         scale="1.0"
         altscale=""
         rotate="0.0"
         alpha="1.0"
         onover=""
         onhover="showtext(Gandhi Square,txt);"
         onout=""
         onclick="action(moveto3);"
         ondown=""
         onup=""
         onloaded=""
         altonloaded=""


         />



	<!-- place hotspots here 3333333333333333-->

 <action name="moveto4">
	 	  lookto(-89,0,20);
	    action(load4);
		  lookto(180,0,50);
    </action>
	
	    <action name="load4">
    
	    loadpano(../soppugudde/soppugudde.xml,null,KEEPALL,BLEND(2));
	   
    </action>

	
	<hotspot name="Soppugudde"
         url="../hotspot_ani.swf"
         alturl="..."
         keep="false"
         devices="all"
         visible="true"
         enabled="true"
         handcursor="true"
         maskchildren="false"
         zorder=""
         style=""
         ath="-89" atv="0"
         edge="center"
         zoom="true"
         distorted="false" rx="0.0" ry="0.0" rz="0.0"
         width="" height=""
         scale="1.0"
         altscale=""
         rotate="0.0"
         alpha="1.0"
         onover=""
         onhover="showtext(Soppugudde,txt);"
         onout=""
         onclick="action(moveto4);"
         ondown=""
         onup=""
         onloaded=""
         altonloaded=""


         />

</krpano>

