<krpano>


    <include url="../plugins.xml" />
	<display details="24" />
<preview url="../bw/tudki.jpg" />
	<image type="CYLINDER">
		<cylinder url="tudki.jpg" />
	</image>
	
	 <action name="moveto3">
	  lookto(-10,6,20);
	    action(load3);
		 lookto(0,0,50);
    </action>
	
	    <action name="load3">
    
	    loadpano(../tunga-college-entrance/tunga-college-entrance.xml,null,KEEPALL,BLEND(2));
	   
    </action>

	
	<hotspot name="Tunga College Entrance"
         url="../hotspot_ani.swf"
         alturl="..."
         keep="false"
         devices="all"
         visible="true"
         enabled="true"
         handcursor="true"
         maskchildren="false"
         zorder=""
         style=""
         ath="-10.0" atv="6.0"
         edge="center"
         zoom="true"
         distorted="false" rx="0.0" ry="0.0" rz="0.0"
         width="" height=""
         scale="1.0"
         altscale=""
         rotate="0.0"
         alpha="1.0"
         onover=""
         onhover="showtext(Tunga College Entrance);"
         onout=""
         onclick="action(moveto3);"
         ondown=""
         onup=""
         onloaded=""
         altonloaded=""
         />
		 
		 
	 <action name="moveto2">
	lookto(-70,10,20);
	    action(load2);
		  lookto(0,0,50);
    </action>
	
	    <action name="load2">
    
	    loadpano(../malenadu-shilpa-kala-kendra/malenadu-shilpa-kala-kendra.xml,null,KEEPALL,BLEND(2));
	   
    </action>

	
	<hotspot name="Malenadu Shilpa Kala Kendra"
         url="../hotspot_ani.swf"
         alturl="..."
         keep="false"
         devices="all"
         visible="true"
         enabled="true"
         handcursor="true"
         maskchildren="false"
         zorder=""
         style=""
         ath="-70.0" atv="12.0"
         edge="center"
         zoom="true"
         distorted="false" rx="0.0" ry="0.0" rz="0.0"
         width="" height=""
         scale="1.0"
         altscale=""
         rotate="0.0"
         alpha="1.0"
         onover=""
         onhover="showtext(Malenadu Shilpa Kala Kendra);"
         onout=""
         onclick="action(moveto2);"
         ondown=""
         onup=""
         onloaded=""
         altonloaded=""
         />


</krpano>

