<krpano>

    <include url="../plugins.xml" />
	<display details="24" />
<preview url="../bw/main-bus-stand-smg.jpg" />
	<image type="CYLINDER">
		<cylinder url="main-bus-stand-smg.jpg" />
	</image>
	
	 <action name="moveto2">
	lookto(180,0,20);
	    action(load2);
		  lookto(180,0,50);
    </action>
	
	    <action name="load2">
    
	    loadpano(../kushavathi/kushavathi.xml,null,KEEPALL,BLEND(2));
	   
    </action>

	
	<hotspot name="Kushavathi"
         url="../hotspot_ani.swf"
         alturl="..."
         keep="false"
         devices="all"
         visible="true"
         enabled="true"
         handcursor="true"
         maskchildren="false"
         zorder=""
         style=""
         ath="180.0" atv="0.0"
         edge="center"
         zoom="true"
         distorted="false" rx="0.0" ry="0.0" rz="0.0"
         width="" height=""
         scale="1.0"
         altscale=""
         rotate="0.0"
         alpha="1.0"
         onover=""
         onhover="showtext(Kushavathi - Towards Shimoga );"
         onout=""
         onclick="action(moveto2);"
         ondown=""
         onup=""
         onloaded=""
         altonloaded=""
         />
		 
		 <!-- Bus Stand MNG-->
	 <action name="moveto3">
	lookto(0,0,20);
	    action(load3);
		  lookto(0,0,50);
    </action>
	
	    <action name="load3">
    
	    loadpano(../main-bus-stand-mng/main-bus-stand-mng.xml,null,KEEPALL,BLEND(2));
	   
    </action>

	
	<hotspot name="Main Bus Stand - MNG"
         url="../hotspot_ani.swf"
         alturl="..."
         keep="false"
         devices="all"
         visible="true"
         enabled="true"
         handcursor="true"
         maskchildren="false"
         zorder=""
         style=""
         ath="0.0" atv="0.0"
       
         edge="center"
         zoom="true"
         distorted="false" rx="0.0" ry="0.0" rz="0.0"
         width="" height=""
         scale="1.0"
         altscale=""
         rotate="0.0"
         alpha="1.0"
         onover=""
         onhover="showtext(Main Bus Stand - Highway - Towards Mangalore);"
         onout=""
         onclick="action(moveto3);"
         ondown=""
         onup=""
         onloaded=""
         altonloaded=""
         />



</krpano>

